{
    "original_text": "The sun was shining on the sea shining with all its might and this was odd \nbecause it was the middle of the night. The moon was shining sulkily because she \nthought the sun had got no business to be there after the day was done. The sea \nwas wet as wet could be and the sands were dry.",
    "text_length": 286,
    "word_count": 59,
    "unique_word_count": 38,
    "word_to_symbol_mapping": {
        "the": "W1",
        "sun": "W2",
        "was": "W3",
        "shining": "W4",
        "on": "W5",
        "sea": "W6",
        "with": "W7",
        "all": "W8",
        "its": "W9",
        "might": "W10",
        "and": "W11",
        "this": "W12",
        "odd": "W13",
        "because": "W14",
        "it": "W15",
        "middle": "W16",
        "of": "W17",
        "night": "W18",
        "moon": "W19",
        "sulkily": "W20",
        "she": "W21",
        "thought": "W22",
        "had": "W23",
        "got": "W24",
        "no": "W25",
        "business": "W26",
        "to": "W27",
        "be": "W28",
        "there": "W29",
        "after": "W30",
        "day": "W31",
        "done": "W32",
        "wet": "W33",
        "as": "W34",
        "could": "W35",
        "sands": "W36",
        "were": "W37",
        "dry": "W38"
    },
    "symbol_to_word_mapping": {
        "W1": "the",
        "W2": "sun",
        "W3": "was",
        "W4": "shining",
        "W5": "on",
        "W6": "sea",
        "W7": "with",
        "W8": "all",
        "W9": "its",
        "W10": "might",
        "W11": "and",
        "W12": "this",
        "W13": "odd",
        "W14": "because",
        "W15": "it",
        "W16": "middle",
        "W17": "of",
        "W18": "night",
        "W19": "moon",
        "W20": "sulkily",
        "W21": "she",
        "W22": "thought",
        "W23": "had",
        "W24": "got",
        "W25": "no",
        "W26": "business",
        "W27": "to",
        "W28": "be",
        "W29": "there",
        "W30": "after",
        "W31": "day",
        "W32": "done",
        "W33": "wet",
        "W34": "as",
        "W35": "could",
        "W36": "sands",
        "W37": "were",
        "W38": "dry"
    },
    "word_sequence": [
        "W1",
        "W2",
        "W3",
        "W4",
        "W5",
        "W1",
        "W6",
        "W4",
        "W7",
        "W8",
        "W9",
        "W10",
        "W11",
        "W12",
        "W3",
        "W13",
        "W14",
        "W15",
        "W3",
        "W1",
        "W16",
        "W17",
        "W1",
        "W18",
        "W1",
        "W19",
        "W3",
        "W4",
        "W20",
        "W14",
        "W21",
        "W22",
        "W1",
        "W2",
        "W23",
        "W24",
        "W25",
        "W26",
        "W27",
        "W28",
        "W29",
        "W30",
        "W1",
        "W31",
        "W3",
        "W32",
        "W1",
        "W6",
        "W3",
        "W33",
        "W34",
        "W33",
        "W35",
        "W28",
        "W11",
        "W1",
        "W36",
        "W37",
        "W38"
    ],
    "transition_counts": {
        "the->sun (W1->W2)": 2,
        "sun->was (W2->W3)": 1,
        "was->shining (W3->W4)": 2,
        "shining->on (W4->W5)": 1,
        "on->the (W5->W1)": 1,
        "the->sea (W1->W6)": 2,
        "sea->shining (W6->W4)": 1,
        "shining->with (W4->W7)": 1,
        "with->all (W7->W8)": 1,
        "all->its (W8->W9)": 1,
        "its->might (W9->W10)": 1,
        "might->and (W10->W11)": 1,
        "and->this (W11->W12)": 1,
        "this->was (W12->W3)": 1,
        "was->odd (W3->W13)": 1,
        "odd->because (W13->W14)": 1,
        "because->it (W14->W15)": 1,
        "it->was (W15->W3)": 1,
        "was->the (W3->W1)": 1,
        "the->middle (W1->W16)": 1,
        "middle->of (W16->W17)": 1,
        "of->the (W17->W1)": 1,
        "the->night (W1->W18)": 1,
        "night->the (W18->W1)": 1,
        "the->moon (W1->W19)": 1,
        "moon->was (W19->W3)": 1,
        "shining->sulkily (W4->W20)": 1,
        "sulkily->because (W20->W14)": 1,
        "because->she (W14->W21)": 1,
        "she->thought (W21->W22)": 1,
        "thought->the (W22->W1)": 1,
        "sun->had (W2->W23)": 1,
        "had->got (W23->W24)": 1,
        "got->no (W24->W25)": 1,
        "no->business (W25->W26)": 1,
        "business->to (W26->W27)": 1,
        "to->be (W27->W28)": 1,
        "be->there (W28->W29)": 1,
        "there->after (W29->W30)": 1,
        "after->the (W30->W1)": 1,
        "the->day (W1->W31)": 1,
        "day->was (W31->W3)": 1,
        "was->done (W3->W32)": 1,
        "done->the (W32->W1)": 1,
        "sea->was (W6->W3)": 1,
        "was->wet (W3->W33)": 1,
        "wet->as (W33->W34)": 1,
        "as->wet (W34->W33)": 1,
        "wet->could (W33->W35)": 1,
        "could->be (W35->W28)": 1,
        "be->and (W28->W11)": 1,
        "and->the (W11->W1)": 1,
        "the->sands (W1->W36)": 1,
        "sands->were (W36->W37)": 1,
        "were->dry (W37->W38)": 1
    },
    "transition_probabilities": {
        "the->sun (W1->W2)": 0.2222222222222222,
        "sun->was (W2->W3)": 0.5,
        "was->shining (W3->W4)": 0.3333333333333333,
        "shining->on (W4->W5)": 0.3333333333333333,
        "on->the (W5->W1)": 1.0,
        "the->sea (W1->W6)": 0.2222222222222222,
        "sea->shining (W6->W4)": 0.5,
        "shining->with (W4->W7)": 0.3333333333333333,
        "with->all (W7->W8)": 1.0,
        "all->its (W8->W9)": 1.0,
        "its->might (W9->W10)": 1.0,
        "might->and (W10->W11)": 1.0,
        "and->this (W11->W12)": 0.5,
        "this->was (W12->W3)": 1.0,
        "was->odd (W3->W13)": 0.16666666666666666,
        "odd->because (W13->W14)": 1.0,
        "because->it (W14->W15)": 0.5,
        "it->was (W15->W3)": 1.0,
        "was->the (W3->W1)": 0.16666666666666666,
        "the->middle (W1->W16)": 0.1111111111111111,
        "middle->of (W16->W17)": 1.0,
        "of->the (W17->W1)": 1.0,
        "the->night (W1->W18)": 0.1111111111111111,
        "night->the (W18->W1)": 1.0,
        "the->moon (W1->W19)": 0.1111111111111111,
        "moon->was (W19->W3)": 1.0,
        "shining->sulkily (W4->W20)": 0.3333333333333333,
        "sulkily->because (W20->W14)": 1.0,
        "because->she (W14->W21)": 0.5,
        "she->thought (W21->W22)": 1.0,
        "thought->the (W22->W1)": 1.0,
        "sun->had (W2->W23)": 0.5,
        "had->got (W23->W24)": 1.0,
        "got->no (W24->W25)": 1.0,
        "no->business (W25->W26)": 1.0,
        "business->to (W26->W27)": 1.0,
        "to->be (W27->W28)": 1.0,
        "be->there (W28->W29)": 0.5,
        "there->after (W29->W30)": 1.0,
        "after->the (W30->W1)": 1.0,
        "the->day (W1->W31)": 0.1111111111111111,
        "day->was (W31->W3)": 1.0,
        "was->done (W3->W32)": 0.16666666666666666,
        "done->the (W32->W1)": 1.0,
        "sea->was (W6->W3)": 0.5,
        "was->wet (W3->W33)": 0.16666666666666666,
        "wet->as (W33->W34)": 0.5,
        "as->wet (W34->W33)": 1.0,
        "wet->could (W33->W35)": 0.5,
        "could->be (W35->W28)": 1.0,
        "be->and (W28->W11)": 0.5,
        "and->the (W11->W1)": 0.5,
        "the->sands (W1->W36)": 0.1111111111111111,
        "sands->were (W36->W37)": 1.0,
        "were->dry (W37->W38)": 1.0
    }
}